{
  "features/compound_metric_configuration/create.feature": 62.18502473831177,
  "features/compound_metric_configuration/edition.feature": 5.280540943145752,
  "features/compound_metric_configuration/show.feature": 1.1183347702026367,
  "features/golden_path/configure_and_process.feature": 45.340739727020264,
  "features/homepage.feature": 1.4655566215515137,
  "features/hotspot_metric_configuration/create.feature": 2.4630019664764404,
  "features/hotspot_metric_configuration/listing.feature": 1.5519781112670898,
  "features/kalibro_configuration/create.feature": 4.129258632659912,
  "features/kalibro_configuration/deletion.feature": 2.331482410430908,
  "features/kalibro_configuration/edition.feature": 6.806136608123779,
  "features/kalibro_configuration/listing.feature": 2.481926918029785,
  "features/kalibro_configuration/show.feature": 0.8330433368682861,
  "features/kalibro_range/create.feature": 73.9750828742981,
  "features/kalibro_range/deletion.feature": 2.737761974334717,
  "features/kalibro_range/edit.feature": 2.685701608657837,
  "features/project/create.feature": 3.224186897277832,
  "features/project/deletion.feature": 2.8389909267425537,
  "features/project/edition.feature": 7.320446014404297,
  "features/project/listing.feature": 1.9537205696105957,
  "features/project/show.feature": 7.6062610149383545,
  "features/reading/delete.feature": 1.7271461486816406,
  "features/reading/edit.feature": 3.340810537338257,
  "features/reading/new.feature": 10.781737089157104,
  "features/reading_group/create.feature": 3.8599812984466553,
  "features/reading_group/delete.feature": 2.189305305480957,
  "features/reading_group/edit.feature": 6.348893404006958,
  "features/reading_group/listing.feature": 2.820152997970581,
  "features/reading_group/show.feature": 2.9745709896087646,
  "features/repository/create.feature": 195.79930686950684,
  "features/repository/delete.feature": 41.15431094169617,
  "features/repository/edit.feature": 5.563234329223633,
  "features/repository/index.feature": 3.253945827484131,
  "features/repository/notify_push.feature": 5.197679042816162,
  "features/repository/show/date_select.feature": 2.9266037940979004,
  "features/repository/show/hotspot_metric_results.feature": 8.351153373718262,
  "features/repository/show/independent.feature": 2.8546195030212402,
  "features/repository/show/metric_results.feature": 8.994091033935547,
  "features/repository/show/modules_tree.feature": 10.95845913887024,
  "features/repository/show/repository_info.feature": 261.22219729423523,
  "features/tree_metric_configuration/create.feature": 88.31925344467163,
  "features/tree_metric_configuration/delete.feature": 1.756983757019043,
  "features/tree_metric_configuration/edition.feature": 3.4839460849761963,
  "features/tree_metric_configuration/listing.feature": 3.238276720046997,
  "features/tree_metric_configuration/show.feature": 3.814218521118164,
  "features/users/user_projects.feature": 0.9753031730651855,
  "features/users/user_update.feature": 1.832406759262085
}